Event Index,UTC Timestamp,UTC Date,Local Timestamp,Local Timezone,Local Date,Experiment ID,Experiment Version,Tree Node Key,Repeat Key,Schedule ID,Participant Public ID,Participant Private ID,Participant Starting Group,Participant Status,Participant Completion Code,Participant External Session ID,Participant Device Type,Participant Device,Participant OS,Participant Browser,Participant Monitor Size,Participant Viewport Size,Checkpoint,Task Name,Task Version,Spreadsheet,Trial Number,Display,Screen,Screen ID,Screen Counter,Response Type,Response,Onset Time,Clock Time,Reaction Time,Absolute Onset Time,Absolute Clock Time,Absolute Reaction Time,Correct,Score,Response Onset,Response Duration,Proportion,Tag,Component Name,Object Name,Object Number,Object ID,Spreadsheet: display,Spreadsheet: prompt,Spreadsheet: opt_a,Spreadsheet: opt_b,Spreadsheet: correct,Spreadsheet: randomise_trials,Manipulation: Spreadsheet
1,1680109440803,29/03/2023 17:04:00,1680091440803,-5,29/03/2023 07:04:00,128242,3,task-6yod,,28522146,BLIND,8477071,,complete,,,mobile,Apple iPhone,iOS 16.3.1,Mobile Safari 16.3,375x812,375x632,,Interpretation,3,conds_collocation,,,,,,,BEGIN,,,,,,,0,,,,,,,,,,,,,,,,
2,1680109448511,29/03/2023 17:04:08,1680091448511,-5,29/03/2023 07:04:08,128242,3,task-6yod,,28522146,BLIND,8477071,,complete,,,mobile,Apple iPhone,iOS 16.3.1,Mobile Safari 16.3,375x812,375x632,,Interpretation,3,conds_collocation,1,main,Screen 1,cnypgd,1,response,A,7722,7715,7722,7722,7715,7722,1,0,7722,0,0,,Click Response,Response,2,object-5,main,Santiago comprou um novo computador.,O computador era 100% novo.,Comprei outro computador.,opt_b,1,
3,1680109455643,29/03/2023 17:04:15,1680091455643,-5,29/03/2023 07:04:15,128242,3,task-6yod,,28522146,BLIND,8477071,,complete,,,mobile,Apple iPhone,iOS 16.3.1,Mobile Safari 16.3,375x812,375x632,,Interpretation,3,conds_collocation,2,main,Screen 1,cnypgd,1,response,A,7140,7125,7140,7140,7125,7140,1,0,7140,0,0,,Click Response,Response,2,object-5,main,Minha avó tem duas lâmpadas antigas na sala.,Ele tem duas lâmpadas velhas na sala.,Possui dois Lumpears na sala de estar que as relíquias.,opt_a,1,
4,1680109458199,29/03/2023 17:04:18,1680091458199,-5,29/03/2023 07:04:18,128242,3,task-6yod,,28522146,BLIND,8477071,,complete,,,mobile,Apple iPhone,iOS 16.3.1,Mobile Safari 16.3,375x812,375x632,,Interpretation,3,conds_collocation,3,main,Screen 1,cnypgd,1,response,B,2571,2567,2571,2571,2567,2571,1,0,2571,0,0,,Click Response,Response,3,object-6,main,As grandes obras são impressionantes.,Os trabalhos não são pequenos.,Os trabalhos são ótimos.,opt_b,1,
5,1680109464764,29/03/2023 17:04:24,1680091464764,-5,29/03/2023 07:04:24,128242,3,task-6yod,,28522146,BLIND,8477071,,complete,,,mobile,Apple iPhone,iOS 16.3.1,Mobile Safari 16.3,375x812,375x632,,Interpretation,3,conds_collocation,4,main,Screen 1,cnypgd,1,response,A,6569,6559,6569,6569,6559,6569,1,0,6569,0,0,,Click Response,Response,2,object-5,main,O próprio presidente conversou com a classe.,Muitos anos atrás eles são amigos.,O presidente que já havia falado com a classe.,opt_a,1,
6,1680109469343,29/03/2023 17:04:29,1680091469343,-5,29/03/2023 07:04:29,128242,3,task-6yod,,28522146,BLIND,8477071,,complete,,,mobile,Apple iPhone,iOS 16.3.1,Mobile Safari 16.3,375x812,375x632,,Interpretation,3,conds_collocation,5,main,Screen 1,cnypgd,1,response,B,4589,4582,4589,4589,4582,4589,1,0,4589,0,0,,Click Response,Response,3,object-6,main,Mariela é uma velha amiga de Florence.,Muitos anos atrás eles são amigos.,Mariela é velha.,opt_a,1,
7,1680109476068,29/03/2023 17:04:36,1680091476068,-5,29/03/2023 07:04:36,128242,3,task-6yod,,28522146,BLIND,8477071,,complete,,,mobile,Apple iPhone,iOS 16.3.1,Mobile Safari 16.3,375x812,375x632,,Interpretation,3,conds_collocation,6,main,Screen 1,cnypgd,1,response,B,6733,6728,6733,6733,6728,6733,1,0,6733,0,0,,Click Response,Response,3,object-6,main,"Naquela casa, mora um homem sozinho.",Apenas um homem mora em casa.,O homem se sente sozinho.,opt_b,1,
8,1680109485289,29/03/2023 17:04:45,1680091485289,-5,29/03/2023 07:04:45,128242,3,task-6yod,,28522146,BLIND,8477071,,complete,,,mobile,Apple iPhone,iOS 16.3.1,Mobile Safari 16.3,375x812,375x632,,Interpretation,3,conds_collocation,7,main,Screen 1,cnypgd,1,response,A,9224,9210,9224,9224,9210,9224,1,0,9224,0,0,,Click Response,Response,2,object-5,main,O artigo contém informações certas.,Contém algumas informações.,Ele contém informações que são para verar.,opt_b,1,
9,1680109493499,29/03/2023 17:04:53,1680091493499,-5,29/03/2023 07:04:53,128242,3,task-6yod,,28522146,BLIND,8477071,,complete,,,mobile,Apple iPhone,iOS 16.3.1,Mobile Safari 16.3,375x812,375x632,,Interpretation,3,conds_collocation,8,main,Screen 1,cnypgd,1,response,A,8224,8211,8224,8224,8211,8224,1,0,8224,0,0,,Click Response,Response,2,object-5,main,Seus pais falam uma rara língua.,Eles falam um idioma que muito poucas pessoas falam.,Eles falam uma linguagem estranha.,opt_a,1,
10,1680109499335,29/03/2023 17:04:59,1680091499335,-5,29/03/2023 07:04:59,128242,3,task-6yod,,28522146,BLIND,8477071,,complete,,,mobile,Apple iPhone,iOS 16.3.1,Mobile Safari 16.3,375x812,375x632,,Interpretation,3,conds_collocation,9,main,Screen 1,cnypgd,1,response,B,5846,5829,5846,5846,5829,5846,1,0,5846,0,0,,Click Response,Response,3,object-6,main,Seus vizinhos são pobres homens.,Os vizinhos são infelizes.,Os vizinhos não têm dinheiro.,opt_a,1,
11,1680109520722,29/03/2023 17:05:20,1680091520722,-5,29/03/2023 07:05:20,128242,3,task-6yod,,28522146,BLIND,8477071,,complete,,,mobile,Apple iPhone,iOS 16.3.1,Mobile Safari 16.3,375x812,375x632,,Interpretation,3,conds_collocation,10,main,Screen 1,cnypgd,1,response,A,21397,21380,21397,21397,21380,21397,1,0,21397,0,0,,Click Response,Response,2,object-5,main,Marta é a pessoa única de quem falei.,"Não contei a você sobre mais ninguém, além de Marta.","Não há ninguém (tão especial) quanto Marta, que eu te disse.",opt_b,1,
12,1680109520747,29/03/2023 17:05:20,1680091520747,-5,29/03/2023 07:05:20,128242,3,task-6yod,,28522146,BLIND,8477071,,complete,,,mobile,Apple iPhone,iOS 16.3.1,Mobile Safari 16.3,375x812,375x632,,Interpretation,3,conds_collocation,,,,,,,END,,,,,,,0,,,,,,,,,,,,,,,,
1,1680109421203,29/03/2023 17:03:41,1680095021203,-4,29/03/2023 09:03:41,128242,3,task-6yod,,28524850,BLIND,8477591,,complete,,,computer,Desktop or Laptop,Windows 10,Chrome 111.0.0.0,1366x768,1366x657,,Interpretation,3,conds_collocation,,,,,,,BEGIN,,,,,,,0,,,,,,,,,,,,,,,,
2,1680109507161,29/03/2023 17:05:07,1680095107161,-4,29/03/2023 09:05:07,128242,3,task-6yod,,28524850,BLIND,8477591,,complete,,,computer,Desktop or Laptop,Windows 10,Chrome 111.0.0.0,1366x768,1366x657,,Interpretation,3,conds_collocation,1,main,Screen 1,cnypgd,1,response,B,85967.861,85951.185,85967.861,85967.861,85951.185,85967.861,1,0,85967.861,0,0,,Click Response,Response,3,object-6,main,O próprio presidente conversou com a classe.,Muitos anos atrás eles são amigos.,O presidente que já havia falado com a classe.,opt_a,1,
3,1680109528262,29/03/2023 17:05:28,1680095128262,-4,29/03/2023 09:05:28,128242,3,task-6yod,,28524850,BLIND,8477591,,complete,,,computer,Desktop or Laptop,Windows 10,Chrome 111.0.0.0,1366x768,1366x657,,Interpretation,3,conds_collocation,2,main,Screen 1,cnypgd,1,response,B,21123.847999999998,21110.604999999996,21123.847999999998,21123.847999999998,21110.604999999996,21123.847999999998,1,0,21123.847999999998,0,0,,Click Response,Response,3,object-6,main,Seus vizinhos são pobres homens.,Os vizinhos são infelizes.,Os vizinhos não têm dinheiro.,opt_a,1,
4,1680109549736,29/03/2023 17:05:49,1680095149736,-4,29/03/2023 09:05:49,128242,3,task-6yod,,28524850,BLIND,8477591,,complete,,,computer,Desktop or Laptop,Windows 10,Chrome 111.0.0.0,1366x768,1366x657,,Interpretation,3,conds_collocation,3,main,Screen 1,cnypgd,1,response,A,21486.94300000019,21473.883000000016,21486.94300000019,21486.94300000019,21473.883000000016,21486.94300000019,1,0,21486.94300000019,0,0,,Click Response,Response,2,object-5,main,Minha avó tem duas lâmpadas antigas na sala.,Ele tem duas lâmpadas velhas na sala.,Possui dois Lumpears na sala de estar que as relíquias.,opt_a,1,
5,1680109576784,29/03/2023 17:06:16,1680095176784,-4,29/03/2023 09:06:16,128242,3,task-6yod,,28524850,BLIND,8477591,,complete,,,computer,Desktop or Laptop,Windows 10,Chrome 111.0.0.0,1366x768,1366x657,,Interpretation,3,conds_collocation,4,main,Screen 1,cnypgd,1,response,A,27060.560000000172,27054.448999999993,27060.560000000172,27060.560000000172,27054.448999999993,27060.560000000172,1,0,27060.560000000172,0,0,,Click Response,Response,2,object-5,main,Marta é a pessoa única de quem falei.,"Não contei a você sobre mais ninguém, além de Marta.","Não há ninguém (tão especial) quanto Marta, que eu te disse.",opt_b,1,
6,1680109594191,29/03/2023 17:06:34,1680095194191,-4,29/03/2023 09:06:34,128242,3,task-6yod,,28524850,BLIND,8477591,,complete,,,computer,Desktop or Laptop,Windows 10,Chrome 111.0.0.0,1366x768,1366x657,,Interpretation,3,conds_collocation,5,main,Screen 1,cnypgd,1,response,B,17413.21100000004,17409.253999999986,17413.21100000004,17413.21100000004,17409.253999999986,17413.21100000004,1,0,17413.21100000004,0,0,,Click Response,Response,3,object-6,main,As grandes obras são impressionantes.,Os trabalhos não são pequenos.,Os trabalhos são ótimos.,opt_b,1,
7,1680109645719,29/03/2023 17:07:25,1680095245719,-4,29/03/2023 09:07:25,128242,3,task-6yod,,28524850,BLIND,8477591,,complete,,,computer,Desktop or Laptop,Windows 10,Chrome 111.0.0.0,1366x768,1366x657,,Interpretation,3,conds_collocation,6,main,Screen 1,cnypgd,1,response,A,51532.7570000001,51530.263999999996,51532.7570000001,51532.7570000001,51530.263999999996,51532.7570000001,1,0,51532.7570000001,0,0,,Click Response,Response,2,object-5,main,O artigo contém informações certas.,Contém algumas informações.,Ele contém informações que são para verar.,opt_b,1,
8,1680109670431,29/03/2023 17:07:50,1680095270431,-4,29/03/2023 09:07:50,128242,3,task-6yod,,28524850,BLIND,8477591,,complete,,,computer,Desktop or Laptop,Windows 10,Chrome 111.0.0.0,1366x768,1366x657,,Interpretation,3,conds_collocation,7,main,Screen 1,cnypgd,1,response,A,24714.093000000197,24708.507000000012,24714.093000000197,24714.093000000197,24708.507000000012,24714.093000000197,1,0,24714.093000000197,0,0,,Click Response,Response,2,object-5,main,Mariela é uma velha amiga de Florence.,Muitos anos atrás eles são amigos.,Mariela é velha.,opt_a,1,
9,1680109689343,29/03/2023 17:08:09,1680095289343,-4,29/03/2023 09:08:09,128242,3,task-6yod,,28524850,BLIND,8477591,,complete,,,computer,Desktop or Laptop,Windows 10,Chrome 111.0.0.0,1366x768,1366x657,,Interpretation,3,conds_collocation,8,main,Screen 1,cnypgd,1,response,A,18917.78600000014,18905.95000000001,18917.78600000014,18917.78600000014,18905.95000000001,18917.78600000014,1,0,18917.78600000014,0,0,,Click Response,Response,2,object-5,main,"Naquela casa, mora um homem sozinho.",Apenas um homem mora em casa.,O homem se sente sozinho.,opt_b,1,
10,1680109708519,29/03/2023 17:08:28,1680095308519,-4,29/03/2023 09:08:28,128242,3,task-6yod,,28524850,BLIND,8477591,,complete,,,computer,Desktop or Laptop,Windows 10,Chrome 111.0.0.0,1366x768,1366x657,,Interpretation,3,conds_collocation,9,main,Screen 1,cnypgd,1,response,A,19188.03600000008,19172.619999999995,19188.03600000008,19188.03600000008,19172.619999999995,19188.03600000008,1,0,19188.03600000008,0,0,,Click Response,Response,2,object-5,main,Seus pais falam uma rara língua.,Eles falam um idioma que muito poucas pessoas falam.,Eles falam uma linguagem estranha.,opt_a,1,
11,1680109726613,29/03/2023 17:08:46,1680095326613,-4,29/03/2023 09:08:46,128242,3,task-6yod,,28524850,BLIND,8477591,,complete,,,computer,Desktop or Laptop,Windows 10,Chrome 111.0.0.0,1366x768,1366x657,,Interpretation,3,conds_collocation,10,main,Screen 1,cnypgd,1,response,A,18109.016000000178,18107.434999999998,18109.016000000178,18109.016000000178,18107.434999999998,18109.016000000178,1,0,18109.016000000178,0,0,,Click Response,Response,2,object-5,main,Santiago comprou um novo computador.,O computador era 100% novo.,Comprei outro computador.,opt_b,1,
12,1680109726618,29/03/2023 17:08:46,1680095326618,-4,29/03/2023 09:08:46,128242,3,task-6yod,,28524850,BLIND,8477591,,complete,,,computer,Desktop or Laptop,Windows 10,Chrome 111.0.0.0,1366x768,1366x657,,Interpretation,3,conds_collocation,,,,,,,END,,,,,,,0,,,,,,,,,,,,,,,,
1,1680114327164,29/03/2023 18:25:27,1680099927164,-4,29/03/2023 10:25:27,128242,3,task-6yod,,28528007,BLIND,8478663,,complete,,,computer,Desktop or Laptop,Windows 10,Chrome 111.0.0.0,2560x1440,1022x1023,,Interpretation,3,conds_collocation,,,,,,,BEGIN,,,,,,,0,,,,,,,,,,,,,,,,
2,1680114341080,29/03/2023 18:25:41,1680099941080,-4,29/03/2023 10:25:41,128242,3,task-6yod,,28528007,BLIND,8478663,,complete,,,computer,Desktop or Laptop,Windows 10,Chrome 111.0.0.0,2560x1440,1022x1023,,Interpretation,3,conds_collocation,1,main,Screen 1,cnypgd,1,response,A,15367.30000000447,15364.256,15367.30000000447,15367.30000000447,15364.256,15367.30000000447,1,0,15367.30000000447,0,0,,Click Response,Response,2,object-5,main,O artigo contém informações certas.,Contém algumas informações.,Ele contém informações que são para verar.,opt_b,1,
3,1680114347644,29/03/2023 18:25:47,1680099947644,-4,29/03/2023 10:25:47,128242,3,task-6yod,,28528007,BLIND,8478663,,complete,,,computer,Desktop or Laptop,Windows 10,Chrome 111.0.0.0,2560x1440,1022x1023,,Interpretation,3,conds_collocation,2,main,Screen 1,cnypgd,1,response,A,6567.844000001491,6567.036000000002,6567.844000001491,6567.844000001491,6567.036000000002,6567.844000001491,1,0,6567.844000001491,0,0,,Click Response,Response,2,object-5,main,Mariela é uma velha amiga de Florence.,Muitos anos atrás eles são amigos.,Mariela é velha.,opt_a,1,
4,1680114352096,29/03/2023 18:25:52,1680099952096,-4,29/03/2023 10:25:52,128242,3,task-6yod,,28528007,BLIND,8478663,,complete,,,computer,Desktop or Laptop,Windows 10,Chrome 111.0.0.0,2560x1440,1022x1023,,Interpretation,3,conds_collocation,3,main,Screen 1,cnypgd,1,response,B,4452.107999998509,4450.23,4452.107999998509,4452.107999998509,4450.23,4452.107999998509,1,0,4452.107999998509,0,0,,Click Response,Response,3,object-6,main,As grandes obras são impressionantes.,Os trabalhos não são pequenos.,Os trabalhos são ótimos.,opt_b,1,
5,1680114361546,29/03/2023 18:26:01,1680099961546,-4,29/03/2023 10:26:01,128242,3,task-6yod,,28528007,BLIND,8478663,,complete,,,computer,Desktop or Laptop,Windows 10,Chrome 111.0.0.0,2560x1440,1022x1023,,Interpretation,3,conds_collocation,4,main,Screen 1,cnypgd,1,response,A,9451.77800000447,9450.558,9451.77800000447,9451.77800000447,9450.558,9451.77800000447,1,0,9451.77800000447,0,0,,Click Response,Response,2,object-5,main,Marta é a pessoa única de quem falei.,"Não contei a você sobre mais ninguém, além de Marta.","Não há ninguém (tão especial) quanto Marta, que eu te disse.",opt_b,1,
6,1680114367696,29/03/2023 18:26:07,1680099967696,-4,29/03/2023 10:26:07,128242,3,task-6yod,,28528007,BLIND,8478663,,complete,,,computer,Desktop or Laptop,Windows 10,Chrome 111.0.0.0,2560x1440,1022x1023,,Interpretation,3,conds_collocation,5,main,Screen 1,cnypgd,1,response,B,6151.419999999998,6150.331999999995,6151.419999999998,6151.419999999998,6150.331999999995,6151.419999999998,1,0,6151.419999999998,0,0,,Click Response,Response,3,object-6,main,O próprio presidente conversou com a classe.,Muitos anos atrás eles são amigos.,O presidente que já havia falado com a classe.,opt_a,1,
7,1680114371196,29/03/2023 18:26:11,1680099971196,-4,29/03/2023 10:26:11,128242,3,task-6yod,,28528007,BLIND,8478663,,complete,,,computer,Desktop or Laptop,Windows 10,Chrome 111.0.0.0,2560x1440,1022x1023,,Interpretation,3,conds_collocation,6,main,Screen 1,cnypgd,1,response,A,3501.7880000029836,3500.194000000003,3501.7880000029836,3501.7880000029836,3500.194000000003,3501.7880000029836,1,0,3501.7880000029836,0,0,,Click Response,Response,2,object-5,main,"Naquela casa, mora um homem sozinho.",Apenas um homem mora em casa.,O homem se sente sozinho.,opt_b,1,
8,1680114380146,29/03/2023 18:26:20,1680099980146,-4,29/03/2023 10:26:20,128242,3,task-6yod,,28528007,BLIND,8478663,,complete,,,computer,Desktop or Laptop,Windows 10,Chrome 111.0.0.0,2560x1440,1022x1023,,Interpretation,3,conds_collocation,7,main,Screen 1,cnypgd,1,response,B,8951.59400000298,8950.493000000002,8951.59400000298,8951.59400000298,8950.493000000002,8951.59400000298,1,0,8951.59400000298,0,0,,Click Response,Response,3,object-6,main,Minha avó tem duas lâmpadas antigas na sala.,Ele tem duas lâmpadas velhas na sala.,Possui dois Lumpears na sala de estar que as relíquias.,opt_a,1,
9,1680114397197,29/03/2023 18:26:37,1680099997197,-4,29/03/2023 10:26:37,128242,3,task-6yod,,28528007,BLIND,8478663,,complete,,,computer,Desktop or Laptop,Windows 10,Chrome 111.0.0.0,2560x1440,1022x1023,,Interpretation,3,conds_collocation,8,main,Screen 1,cnypgd,1,response,B,17052.20100000447,17050.956999999995,17052.20100000447,17052.20100000447,17050.956999999995,17052.20100000447,1,0,17052.20100000447,0,0,,Click Response,Response,3,object-6,main,Santiago comprou um novo computador.,O computador era 100% novo.,Comprei outro computador.,opt_b,1,
10,1680114400530,29/03/2023 18:26:40,1680100000530,-4,29/03/2023 10:26:40,128242,3,task-6yod,,28528007,BLIND,8478663,,complete,,,computer,Desktop or Laptop,Windows 10,Chrome 111.0.0.0,2560x1440,1022x1023,,Interpretation,3,conds_collocation,9,main,Screen 1,cnypgd,1,response,A,3334.5440000014933,3333.520000000004,3334.5440000014933,3334.5440000014933,3333.520000000004,3334.5440000014933,1,0,3334.5440000014933,0,0,,Click Response,Response,2,object-5,main,Seus pais falam uma rara língua.,Eles falam um idioma que muito poucas pessoas falam.,Eles falam uma linguagem estranha.,opt_a,1,
11,1680114403080,29/03/2023 18:26:43,1680100003080,-4,29/03/2023 10:26:43,128242,3,task-6yod,,28528007,BLIND,8478663,,complete,,,computer,Desktop or Laptop,Windows 10,Chrome 111.0.0.0,2560x1440,1022x1023,,Interpretation,3,conds_collocation,10,main,Screen 1,cnypgd,1,response,B,2551.1240000029793,2550.1359999999986,2551.1240000029793,2551.1240000029793,2550.1359999999986,2551.1240000029793,1,0,2551.1240000029793,0,0,,Click Response,Response,3,object-6,main,Seus vizinhos são pobres homens.,Os vizinhos são infelizes.,Os vizinhos não têm dinheiro.,opt_a,1,
12,1680114403083,29/03/2023 18:26:43,1680100003083,-4,29/03/2023 10:26:43,128242,3,task-6yod,,28528007,BLIND,8478663,,complete,,,computer,Desktop or Laptop,Windows 10,Chrome 111.0.0.0,2560x1440,1022x1023,,Interpretation,3,conds_collocation,,,,,,,END,,,,,,,0,,,,,,,,,,,,,,,,
1,1680114893433,29/03/2023 18:34:53,1680100493433,-4,29/03/2023 10:34:53,128242,3,task-6yod,,28528295,BLIND,8478802,,complete,,,computer,Desktop or Laptop,Windows 10,Chrome 111.0.0.0,1366x768,1366x657,,Interpretation,3,conds_collocation,,,,,,,BEGIN,,,,,,,0,,,,,,,,,,,,,,,,
2,1680114908166,29/03/2023 18:35:08,1680100508166,-4,29/03/2023 10:35:08,128242,3,task-6yod,,28528295,BLIND,8478802,,complete,,,computer,Desktop or Laptop,Windows 10,Chrome 111.0.0.0,1366x768,1366x657,,Interpretation,3,conds_collocation,1,main,Screen 1,cnypgd,1,response,A,14754.392999928474,14748.576000000001,14754.392999928474,14754.392999928474,14748.576000000001,14754.392999928474,1,0,14754.392999928474,0,0,,Click Response,Response,2,object-5,main,Marta é a pessoa única de quem falei.,"Não contei a você sobre mais ninguém, além de Marta.","Não há ninguém (tão especial) quanto Marta, que eu te disse.",opt_b,1,
3,1680114914566,29/03/2023 18:35:14,1680100514566,-4,29/03/2023 10:35:14,128242,3,task-6yod,,28528295,BLIND,8478802,,complete,,,computer,Desktop or Laptop,Windows 10,Chrome 111.0.0.0,1366x768,1366x657,,Interpretation,3,conds_collocation,2,main,Screen 1,cnypgd,1,response,B,6406.21700002384,6399.464,6406.21700002384,6406.21700002384,6399.464,6406.21700002384,1,0,6406.21700002384,0,0,,Click Response,Response,3,object-6,main,Seus vizinhos são pobres homens.,Os vizinhos são infelizes.,Os vizinhos não têm dinheiro.,opt_a,1,
4,1680114933045,29/03/2023 18:35:33,1680100533045,-4,29/03/2023 10:35:33,128242,3,task-6yod,,28528295,BLIND,8478802,,complete,,,computer,Desktop or Laptop,Windows 10,Chrome 111.0.0.0,1366x768,1366x657,,Interpretation,3,conds_collocation,3,main,Screen 1,cnypgd,1,response,B,18485.352999928473,18481.665999999997,18485.352999928473,18485.352999928473,18481.665999999997,18485.352999928473,1,0,18485.352999928473,0,0,,Click Response,Response,3,object-6,main,Minha avó tem duas lâmpadas antigas na sala.,Ele tem duas lâmpadas velhas na sala.,Possui dois Lumpears na sala de estar que as relíquias.,opt_a,1,
5,1680114945203,29/03/2023 18:35:45,1680100545203,-4,29/03/2023 10:35:45,128242,3,task-6yod,,28528295,BLIND,8478802,,complete,,,computer,Desktop or Laptop,Windows 10,Chrome 111.0.0.0,1366x768,1366x657,,Interpretation,3,conds_collocation,4,main,Screen 1,cnypgd,1,response,A,12162.38699997616,12148.929000000004,12162.38699997616,12162.38699997616,12148.929000000004,12162.38699997616,1,0,12162.38699997616,0,0,,Click Response,Response,2,object-5,main,Mariela é uma velha amiga de Florence.,Muitos anos atrás eles são amigos.,Mariela é velha.,opt_a,1,
6,1680114952931,29/03/2023 18:35:52,1680100552931,-4,29/03/2023 10:35:52,128242,3,task-6yod,,28528295,BLIND,8478802,,complete,,,computer,Desktop or Laptop,Windows 10,Chrome 111.0.0.0,1366x768,1366x657,,Interpretation,3,conds_collocation,5,main,Screen 1,cnypgd,1,response,A,7741.757999928472,7732.640999999996,7741.757999928472,7741.757999928472,7732.640999999996,7741.757999928472,1,0,7741.757999928472,0,0,,Click Response,Response,2,object-5,main,Santiago comprou um novo computador.,O computador era 100% novo.,Comprei outro computador.,opt_b,1,
7,1680114966942,29/03/2023 18:36:06,1680100566942,-4,29/03/2023 10:36:06,128242,3,task-6yod,,28528295,BLIND,8478802,,complete,,,computer,Desktop or Laptop,Windows 10,Chrome 111.0.0.0,1366x768,1366x657,,Interpretation,3,conds_collocation,6,main,Screen 1,cnypgd,1,response,B,14020.417000000001,14015.449999999997,14020.417000000001,14020.417000000001,14015.449999999997,14020.417000000001,1,0,14020.417000000001,0,0,,Click Response,Response,3,object-6,main,O próprio presidente conversou com a classe.,Muitos anos atrás eles são amigos.,O presidente que já havia falado com a classe.,opt_a,1,
8,1680114977708,29/03/2023 18:36:17,1680100577708,-4,29/03/2023 10:36:17,128242,3,task-6yod,,28528295,BLIND,8478802,,complete,,,computer,Desktop or Laptop,Windows 10,Chrome 111.0.0.0,1366x768,1366x657,,Interpretation,3,conds_collocation,7,main,Screen 1,cnypgd,1,response,A,10770.366999976162,10765.734000000011,10770.366999976162,10770.366999976162,10765.734000000011,10770.366999976162,1,0,10770.366999976162,0,0,,Click Response,Response,2,object-5,main,Seus pais falam uma rara língua.,Eles falam um idioma que muito poucas pessoas falam.,Eles falam uma linguagem estranha.,opt_a,1,
9,1680114988452,29/03/2023 18:36:28,1680100588452,-4,29/03/2023 10:36:28,128242,3,task-6yod,,28528295,BLIND,8478802,,complete,,,computer,Desktop or Laptop,Windows 10,Chrome 111.0.0.0,1366x768,1366x657,,Interpretation,3,conds_collocation,8,main,Screen 1,cnypgd,1,response,B,10748.632999976151,10732.365999999995,10748.632999976151,10748.632999976151,10732.365999999995,10748.632999976151,1,0,10748.632999976151,0,0,,Click Response,Response,3,object-6,main,As grandes obras são impressionantes.,Os trabalhos não são pequenos.,Os trabalhos são ótimos.,opt_b,1,
10,1680115002062,29/03/2023 18:36:42,1680100602062,-4,29/03/2023 10:36:42,128242,3,task-6yod,,28528295,BLIND,8478802,,complete,,,computer,Desktop or Laptop,Windows 10,Chrome 111.0.0.0,1366x768,1366x657,,Interpretation,3,conds_collocation,9,main,Screen 1,cnypgd,1,response,A,13626.666999952315,13615.506999999998,13626.666999952315,13626.666999952315,13615.506999999998,13626.666999952315,1,0,13626.666999952315,0,0,,Click Response,Response,2,object-5,main,O artigo contém informações certas.,Contém algumas informações.,Ele contém informações que são para verar.,opt_b,1,
11,1680115008716,29/03/2023 18:36:48,1680100608716,-4,29/03/2023 10:36:48,128242,3,task-6yod,,28528295,BLIND,8478802,,complete,,,computer,Desktop or Laptop,Windows 10,Chrome 111.0.0.0,1366x768,1366x657,,Interpretation,3,conds_collocation,10,main,Screen 1,cnypgd,1,response,A,6665.460000023842,6649.4330000000045,6665.460000023842,6665.460000023842,6649.4330000000045,6665.460000023842,1,0,6665.460000023842,0,0,,Click Response,Response,2,object-5,main,"Naquela casa, mora um homem sozinho.",Apenas um homem mora em casa.,O homem se sente sozinho.,opt_b,1,
12,1680115008729,29/03/2023 18:36:48,1680100608729,-4,29/03/2023 10:36:48,128242,3,task-6yod,,28528295,BLIND,8478802,,complete,,,computer,Desktop or Laptop,Windows 10,Chrome 111.0.0.0,1366x768,1366x657,,Interpretation,3,conds_collocation,,,,,,,END,,,,,,,0,,,,,,,,,,,,,,,,
1,1680128977688,29/03/2023 22:29:37,1680103777688,-7,29/03/2023 08:29:37,128242,3,task-6yod,,28530021,BLIND,8479557,,complete,,,mobile,Apple iPhone,iOS 16.2,Mobile Safari 16.2,390x844,390x663,,Interpretation,3,conds_collocation,,,,,,,BEGIN,,,,,,,0,,,,,,,,,,,,,,,,
2,1680128995076,29/03/2023 22:29:55,1680103795076,-7,29/03/2023 08:29:55,128242,3,task-6yod,,28530021,BLIND,8479557,,complete,,,mobile,Apple iPhone,iOS 16.2,Mobile Safari 16.2,390x844,390x663,,Interpretation,3,conds_collocation,1,main,Screen 1,cnypgd,1,response,A,17383,17366,17383,17383,17366,17383,1,0,17383,0,0,,Click Response,Response,2,object-5,main,Marta é a pessoa única de quem falei.,"Não contei a você sobre mais ninguém, além de Marta.","Não há ninguém (tão especial) quanto Marta, que eu te disse.",opt_b,1,
3,1680129012043,29/03/2023 22:30:12,1680103812043,-7,29/03/2023 08:30:12,128242,3,task-6yod,,28530021,BLIND,8479557,,complete,,,mobile,Apple iPhone,iOS 16.2,Mobile Safari 16.2,390x844,390x663,,Interpretation,3,conds_collocation,2,main,Screen 1,cnypgd,1,response,B,16989,16972,16989,16989,16972,16989,1,0,16989,0,0,,Click Response,Response,3,object-6,main,Seus pais falam uma rara língua.,Eles falam um idioma que muito poucas pessoas falam.,Eles falam uma linguagem estranha.,opt_a,1,
4,1680129031017,29/03/2023 22:30:31,1680103831017,-7,29/03/2023 08:30:31,128242,3,task-6yod,,28530021,BLIND,8479557,,complete,,,mobile,Apple iPhone,iOS 16.2,Mobile Safari 16.2,390x844,390x663,,Interpretation,3,conds_collocation,3,main,Screen 1,cnypgd,1,response,A,18991,18974,18991,18991,18974,18991,1,0,18991,0,0,,Click Response,Response,2,object-5,main,Minha avó tem duas lâmpadas antigas na sala.,Ele tem duas lâmpadas velhas na sala.,Possui dois Lumpears na sala de estar que as relíquias.,opt_a,1,
5,1680129041039,29/03/2023 22:30:41,1680103841039,-7,29/03/2023 08:30:41,128242,3,task-6yod,,28530021,BLIND,8479557,,complete,,,mobile,Apple iPhone,iOS 16.2,Mobile Safari 16.2,390x844,390x663,,Interpretation,3,conds_collocation,4,main,Screen 1,cnypgd,1,response,A,10031,10014,10031,10031,10014,10031,1,0,10031,0,0,,Click Response,Response,2,object-5,main,"Naquela casa, mora um homem sozinho.",Apenas um homem mora em casa.,O homem se sente sozinho.,opt_b,1,
6,1680129046604,29/03/2023 22:30:46,1680103846604,-7,29/03/2023 08:30:46,128242,3,task-6yod,,28530021,BLIND,8479557,,complete,,,mobile,Apple iPhone,iOS 16.2,Mobile Safari 16.2,390x844,390x663,,Interpretation,3,conds_collocation,5,main,Screen 1,cnypgd,1,response,A,5592,5575,5592,5592,5575,5592,1,0,5592,0,0,,Click Response,Response,2,object-5,main,Mariela é uma velha amiga de Florence.,Muitos anos atrás eles são amigos.,Mariela é velha.,opt_a,1,
7,1680129057608,29/03/2023 22:30:57,1680103857608,-7,29/03/2023 08:30:57,128242,3,task-6yod,,28530021,BLIND,8479557,,complete,,,mobile,Apple iPhone,iOS 16.2,Mobile Safari 16.2,390x844,390x663,,Interpretation,3,conds_collocation,6,main,Screen 1,cnypgd,1,response,B,11017,11001,11017,11017,11001,11017,1,0,11017,0,0,,Click Response,Response,3,object-6,main,O próprio presidente conversou com a classe.,Muitos anos atrás eles são amigos.,O presidente que já havia falado com a classe.,opt_a,1,
8,1680129071006,29/03/2023 22:31:11,1680103871006,-7,29/03/2023 08:31:11,128242,3,task-6yod,,28530021,BLIND,8479557,,complete,,,mobile,Apple iPhone,iOS 16.2,Mobile Safari 16.2,390x844,390x663,,Interpretation,3,conds_collocation,7,main,Screen 1,cnypgd,1,response,A,13416,13400,13416,13416,13400,13416,1,0,13416,0,0,,Click Response,Response,2,object-5,main,Seus vizinhos são pobres homens.,Os vizinhos são infelizes.,Os vizinhos não têm dinheiro.,opt_a,1,
9,1680129085960,29/03/2023 22:31:25,1680103885960,-7,29/03/2023 08:31:25,128242,3,task-6yod,,28530021,BLIND,8479557,,complete,,,mobile,Apple iPhone,iOS 16.2,Mobile Safari 16.2,390x844,390x663,,Interpretation,3,conds_collocation,8,main,Screen 1,cnypgd,1,response,B,14972,14955,14972,14972,14955,14972,1,0,14972,0,0,,Click Response,Response,3,object-6,main,O artigo contém informações certas.,Contém algumas informações.,Ele contém informações que são para verar.,opt_b,1,
10,1680129098949,29/03/2023 22:31:38,1680103898949,-7,29/03/2023 08:31:38,128242,3,task-6yod,,28530021,BLIND,8479557,,complete,,,mobile,Apple iPhone,iOS 16.2,Mobile Safari 16.2,390x844,390x663,,Interpretation,3,conds_collocation,9,main,Screen 1,cnypgd,1,response,A,13007,12990,13007,13007,12990,13007,1,0,13007,0,0,,Click Response,Response,2,object-5,main,As grandes obras são impressionantes.,Os trabalhos não são pequenos.,Os trabalhos são ótimos.,opt_b,1,
11,1680129109423,29/03/2023 22:31:49,1680103909423,-7,29/03/2023 08:31:49,128242,3,task-6yod,,28530021,BLIND,8479557,,complete,,,mobile,Apple iPhone,iOS 16.2,Mobile Safari 16.2,390x844,390x663,,Interpretation,3,conds_collocation,10,main,Screen 1,cnypgd,1,response,A,10491,10474,10491,10491,10474,10491,1,0,10491,0,0,,Click Response,Response,2,object-5,main,Santiago comprou um novo computador.,O computador era 100% novo.,Comprei outro computador.,opt_b,1,
12,1680129109430,29/03/2023 22:31:49,1680103909430,-7,29/03/2023 08:31:49,128242,3,task-6yod,,28530021,BLIND,8479557,,complete,,,mobile,Apple iPhone,iOS 16.2,Mobile Safari 16.2,390x844,390x663,,Interpretation,3,conds_collocation,,,,,,,END,,,,,,,0,,,,,,,,,,,,,,,,
1,1680122512965,29/03/2023 20:41:52,1680104512965,-5,29/03/2023 10:41:52,128242,3,task-6yod,,28530396,BLIND,8479698,,complete,,,mobile,Samsung SM-N970U1,Android 12,Chrome WebView 111.0.5563.116,412x869,412x787,,Interpretation,3,conds_collocation,,,,,,,BEGIN,,,,,,,0,,,,,,,,,,,,,,,,
2,1680122516980,29/03/2023 20:41:56,1680104516980,-5,29/03/2023 10:41:56,128242,3,task-6yod,,28530396,BLIND,8479698,,complete,,,mobile,Samsung SM-N970U1,Android 12,Chrome WebView 111.0.5563.116,412x869,412x787,,Interpretation,3,conds_collocation,1,main,Screen 1,cnypgd,1,response,B,4002.285,3985.6139999999996,4002.285,4002.285,3985.6139999999996,4002.285,1,0,4002.285,0,0,,Click Response,Response,3,object-6,main,Seus pais falam uma rara língua.,Eles falam um idioma que muito poucas pessoas falam.,Eles falam uma linguagem estranha.,opt_a,1,
3,1680122517052,29/03/2023 20:41:57,1680104517052,-5,29/03/2023 10:41:57,128242,3,task-6yod,,28530396,BLIND,8479698,,complete,,,mobile,Samsung SM-N970U1,Android 12,Chrome WebView 111.0.5563.116,412x869,412x787,,Interpretation,3,conds_collocation,2,main,Screen 1,cnypgd,1,response,B,114.6589999985099,100.02900000000045,114.6589999985099,114.6589999985099,100.02900000000045,114.6589999985099,1,0,114.6589999985099,0,0,,Click Response,Response,3,object-6,main,O próprio presidente conversou com a classe.,Muitos anos atrás eles são amigos.,O presidente que já havia falado com a classe.,opt_a,1,
4,1680122518952,29/03/2023 20:41:58,1680104518952,-5,29/03/2023 10:41:58,128242,3,task-6yod,,28530396,BLIND,8479698,,complete,,,mobile,Samsung SM-N970U1,Android 12,Chrome WebView 111.0.5563.116,412x869,412x787,,Interpretation,3,conds_collocation,3,main,Screen 1,cnypgd,1,response,A,1901.0600000000013,1884.3770000000004,1901.0600000000013,1901.0600000000013,1884.3770000000004,1901.0600000000013,1,0,1901.0600000000013,0,0,,Click Response,Response,2,object-5,main,Mariela é uma velha amiga de Florence.,Muitos anos atrás eles são amigos.,Mariela é velha.,opt_a,1,
5,1680122518991,29/03/2023 20:41:58,1680104518991,-5,29/03/2023 10:41:58,128242,3,task-6yod,,28530396,BLIND,8479698,,complete,,,mobile,Samsung SM-N970U1,Android 12,Chrome WebView 111.0.5563.116,412x869,412x787,,Interpretation,3,conds_collocation,4,main,Screen 1,cnypgd,1,response,A,66.70400000000154,50.027000000000044,66.70400000000154,66.70400000000154,50.027000000000044,66.70400000000154,1,0,66.70400000000154,0,0,,Click Response,Response,2,object-5,main,Santiago comprou um novo computador.,O computador era 100% novo.,Comprei outro computador.,opt_b,1,
6,1680122521699,29/03/2023 20:42:01,1680104521699,-5,29/03/2023 10:42:01,128242,3,task-6yod,,28530396,BLIND,8479698,,complete,,,mobile,Samsung SM-N970U1,Android 12,Chrome WebView 111.0.5563.116,412x869,412x787,,Interpretation,3,conds_collocation,5,main,Screen 1,cnypgd,1,response,A,2718.235999999997,2701.5629999999983,2718.235999999997,2718.235999999997,2701.5629999999983,2718.235999999997,1,0,2718.235999999997,0,0,,Click Response,Response,2,object-5,main,Marta é a pessoa única de quem falei.,"Não contei a você sobre mais ninguém, além de Marta.","Não há ninguém (tão especial) quanto Marta, que eu te disse.",opt_b,1,
7,1680122521742,29/03/2023 20:42:01,1680104521742,-5,29/03/2023 10:42:01,128242,3,task-6yod,,28530396,BLIND,8479698,,complete,,,mobile,Samsung SM-N970U1,Android 12,Chrome WebView 111.0.5563.116,412x869,412x787,,Interpretation,3,conds_collocation,6,main,Screen 1,cnypgd,1,response,A,66.68800000000192,50.01600000000144,66.68800000000192,66.68800000000192,50.01600000000144,66.68800000000192,1,0,66.68800000000192,0,0,,Click Response,Response,2,object-5,main,Seus vizinhos são pobres homens.,Os vizinhos são infelizes.,Os vizinhos não têm dinheiro.,opt_a,1,
8,1680122522866,29/03/2023 20:42:02,1680104522866,-5,29/03/2023 10:42:02,128242,3,task-6yod,,28530396,BLIND,8479698,,complete,,,mobile,Samsung SM-N970U1,Android 12,Chrome WebView 111.0.5563.116,412x869,412x787,,Interpretation,3,conds_collocation,7,main,Screen 1,cnypgd,1,response,B,1134.0149999999976,1117.3409999999985,1134.0149999999976,1134.0149999999976,1117.3409999999985,1134.0149999999976,1,0,1134.0149999999976,0,0,,Click Response,Response,3,object-6,main,Minha avó tem duas lâmpadas antigas na sala.,Ele tem duas lâmpadas velhas na sala.,Possui dois Lumpears na sala de estar que as relíquias.,opt_a,1,
9,1680122522934,29/03/2023 20:42:02,1680104522934,-5,29/03/2023 10:42:02,128242,3,task-6yod,,28530396,BLIND,8479698,,complete,,,mobile,Samsung SM-N970U1,Android 12,Chrome WebView 111.0.5563.116,412x869,412x787,,Interpretation,3,conds_collocation,8,main,Screen 1,cnypgd,1,response,B,92.20599999702063,83.3680000000004,92.20599999702063,92.20599999702063,83.3680000000004,92.20599999702063,1,0,92.20599999702063,0,0,,Click Response,Response,3,object-6,main,O artigo contém informações certas.,Contém algumas informações.,Ele contém informações que são para verar.,opt_b,1,
10,1680122524060,29/03/2023 20:42:04,1680104524060,-5,29/03/2023 10:42:04,128242,3,task-6yod,,28530396,BLIND,8479698,,complete,,,mobile,Samsung SM-N970U1,Android 12,Chrome WebView 111.0.5563.116,412x869,412x787,,Interpretation,3,conds_collocation,9,main,Screen 1,cnypgd,1,response,A,1133.9619999999995,1117.2870000000003,1133.9619999999995,1133.9619999999995,1117.2870000000003,1133.9619999999995,1,0,1133.9619999999995,0,0,,Click Response,Response,2,object-5,main,As grandes obras são impressionantes.,Os trabalhos não são pequenos.,Os trabalhos são ótimos.,opt_b,1,
11,1680122524111,29/03/2023 20:42:04,1680104524111,-5,29/03/2023 10:42:04,128242,3,task-6yod,,28530396,BLIND,8479698,,complete,,,mobile,Samsung SM-N970U1,Android 12,Chrome WebView 111.0.5563.116,412x869,412x787,,Interpretation,3,conds_collocation,10,main,Screen 1,cnypgd,1,response,A,68.95099999552986,50.01400000000103,68.95099999552986,68.95099999552986,50.01400000000103,68.95099999552986,1,0,68.95099999552986,0,0,,Click Response,Response,2,object-5,main,"Naquela casa, mora um homem sozinho.",Apenas um homem mora em casa.,O homem se sente sozinho.,opt_b,1,
12,1680122524114,29/03/2023 20:42:04,1680104524114,-5,29/03/2023 10:42:04,128242,3,task-6yod,,28530396,BLIND,8479698,,complete,,,mobile,Samsung SM-N970U1,Android 12,Chrome WebView 111.0.5563.116,412x869,412x787,,Interpretation,3,conds_collocation,,,,,,,END,,,,,,,0,,,,,,,,,,,,,,,,
1,1680132308661,29/03/2023 23:25:08,1680107108661,-7,29/03/2023 09:25:08,128242,3,task-6yod,,28531539,BLIND,8480149,,complete,,,mobile,Apple iPhone,iOS 16.3.1,Mobile Safari 16.3,414x896,414x718,,Interpretation,3,conds_collocation,,,,,,,BEGIN,,,,,,,0,,,,,,,,,,,,,,,,
2,1680132328400,29/03/2023 23:25:28,1680107128400,-7,29/03/2023 09:25:28,128242,3,task-6yod,,28531539,BLIND,8480149,,complete,,,mobile,Apple iPhone,iOS 16.3.1,Mobile Safari 16.3,414x896,414x718,,Interpretation,3,conds_collocation,1,main,Screen 1,cnypgd,1,response,A,19744,19711,19744,19744,19711,19744,1,0,19744,0,0,,Click Response,Response,2,object-5,main,As grandes obras são impressionantes.,Os trabalhos não são pequenos.,Os trabalhos são ótimos.,opt_b,1,
3,1680132339609,29/03/2023 23:25:39,1680107139609,-7,29/03/2023 09:25:39,128242,3,task-6yod,,28531539,BLIND,8480149,,complete,,,mobile,Apple iPhone,iOS 16.3.1,Mobile Safari 16.3,414x896,414x718,,Interpretation,3,conds_collocation,2,main,Screen 1,cnypgd,1,response,A,11243,11225,11243,11243,11225,11243,1,0,11243,0,0,,Click Response,Response,2,object-5,main,Santiago comprou um novo computador.,O computador era 100% novo.,Comprei outro computador.,opt_b,1,
4,1680132356104,29/03/2023 23:25:56,1680107156104,-7,29/03/2023 09:25:56,128242,3,task-6yod,,28531539,BLIND,8480149,,complete,,,mobile,Apple iPhone,iOS 16.3.1,Mobile Safari 16.3,414x896,414x718,,Interpretation,3,conds_collocation,3,main,Screen 1,cnypgd,1,response,A,16513,16498,16513,16513,16498,16513,1,0,16513,0,0,,Click Response,Response,2,object-5,main,"Naquela casa, mora um homem sozinho.",Apenas um homem mora em casa.,O homem se sente sozinho.,opt_b,1,
5,1680132364933,29/03/2023 23:26:04,1680107164933,-7,29/03/2023 09:26:04,128242,3,task-6yod,,28531539,BLIND,8480149,,complete,,,mobile,Apple iPhone,iOS 16.3.1,Mobile Safari 16.3,414x896,414x718,,Interpretation,3,conds_collocation,4,main,Screen 1,cnypgd,1,response,B,8845.000000000007,8825,8845.000000000007,8845.000000000007,8825,8845.000000000007,1,0,8845.000000000007,0,0,,Click Response,Response,3,object-6,main,Mariela é uma velha amiga de Florence.,Muitos anos atrás eles são amigos.,Mariela é velha.,opt_a,1,
6,1680132368119,29/03/2023 23:26:08,1680107168119,-7,29/03/2023 09:26:08,128242,3,task-6yod,,28531539,BLIND,8480149,,complete,,,mobile,Apple iPhone,iOS 16.3.1,Mobile Safari 16.3,414x896,414x718,,Interpretation,3,conds_collocation,5,main,Screen 1,cnypgd,1,response,A,3206.0000000000073,3187,3206.0000000000073,3206.0000000000073,3187,3206.0000000000073,1,0,3206.0000000000073,0,0,,Click Response,Response,2,object-5,main,O próprio presidente conversou com a classe.,Muitos anos atrás eles são amigos.,O presidente que já havia falado com a classe.,opt_a,1,
7,1680132391834,29/03/2023 23:26:31,1680107191834,-7,29/03/2023 09:26:31,128242,3,task-6yod,,28531539,BLIND,8480149,,complete,,,mobile,Apple iPhone,iOS 16.3.1,Mobile Safari 16.3,414x896,414x718,,Interpretation,3,conds_collocation,6,main,Screen 1,cnypgd,1,response,A,23733,23711,23733,23733,23711,23733,1,0,23733,0,0,,Click Response,Response,2,object-5,main,Seus pais falam uma rara língua.,Eles falam um idioma que muito poucas pessoas falam.,Eles falam uma linguagem estranha.,opt_a,1,
8,1680132398557,29/03/2023 23:26:38,1680107198557,-7,29/03/2023 09:26:38,128242,3,task-6yod,,28531539,BLIND,8480149,,complete,,,mobile,Apple iPhone,iOS 16.3.1,Mobile Safari 16.3,414x896,414x718,,Interpretation,3,conds_collocation,7,main,Screen 1,cnypgd,1,response,A,6745,6731,6745,6745,6731,6745,1,0,6745,0,0,,Click Response,Response,2,object-5,main,Marta é a pessoa única de quem falei.,"Não contei a você sobre mais ninguém, além de Marta.","Não há ninguém (tão especial) quanto Marta, que eu te disse.",opt_b,1,
9,1680132407588,29/03/2023 23:26:47,1680107207588,-7,29/03/2023 09:26:47,128242,3,task-6yod,,28531539,BLIND,8480149,,complete,,,mobile,Apple iPhone,iOS 16.3.1,Mobile Safari 16.3,414x896,414x718,,Interpretation,3,conds_collocation,8,main,Screen 1,cnypgd,1,response,A,9046,9026,9046,9046,9026,9046,1,0,9046,0,0,,Click Response,Response,2,object-5,main,Minha avó tem duas lâmpadas antigas na sala.,Ele tem duas lâmpadas velhas na sala.,Possui dois Lumpears na sala de estar que as relíquias.,opt_a,1,
10,1680132507393,29/03/2023 23:28:27,1680107307393,-7,29/03/2023 09:28:27,128242,3,task-6yod,,28531539,BLIND,8480149,,complete,,,mobile,Apple iPhone,iOS 16.3.1,Mobile Safari 16.3,414x896,414x718,,Interpretation,3,conds_collocation,9,main,Screen 1,cnypgd,1,response,B,99808,99774,99808,99808,99774,99808,1,0,99808,0,0,,Click Response,Response,3,object-6,main,Seus vizinhos são pobres homens.,Os vizinhos são infelizes.,Os vizinhos não têm dinheiro.,opt_a,1,
11,1680132513267,29/03/2023 23:28:33,1680107313267,-7,29/03/2023 09:28:33,128242,3,task-6yod,,28531539,BLIND,8480149,,complete,,,mobile,Apple iPhone,iOS 16.3.1,Mobile Safari 16.3,414x896,414x718,,Interpretation,3,conds_collocation,10,main,Screen 1,cnypgd,1,response,B,5921,5887,5921,5921,5887,5921,1,0,5921,0,0,,Click Response,Response,3,object-6,main,O artigo contém informações certas.,Contém algumas informações.,Ele contém informações que são para verar.,opt_b,1,
12,1680132513271,29/03/2023 23:28:33,1680107313271,-7,29/03/2023 09:28:33,128242,3,task-6yod,,28531539,BLIND,8480149,,complete,,,mobile,Apple iPhone,iOS 16.3.1,Mobile Safari 16.3,414x896,414x718,,Interpretation,3,conds_collocation,,,,,,,END,,,,,,,0,,,,,,,,,,,,,,,,
1,1680132606285,29/03/2023 23:30:06,1680107406285,-7,29/03/2023 09:30:06,128242,3,task-6yod,,28531697,BLIND,8480196,,complete,,,computer,Desktop or Laptop,Windows 10,Chrome 111.0.0.0,1920x1080,1920x937,,Interpretation,3,conds_collocation,,,,,,,BEGIN,,,,,,,0,,,,,,,,,,,,,,,,
2,1680132618716,29/03/2023 23:30:18,1680107418716,-7,29/03/2023 09:30:18,128242,3,task-6yod,,28531697,BLIND,8480196,,complete,,,computer,Desktop or Laptop,Windows 10,Chrome 111.0.0.0,1920x1080,1920x937,,Interpretation,3,conds_collocation,1,main,Screen 1,cnypgd,1,response,A,12452.03800001192,12450.392,12452.03800001192,12452.03800001192,12450.392,12452.03800001192,1,0,12452.03800001192,0,0,,Click Response,Response,2,object-5,main,Mariela é uma velha amiga de Florence.,Muitos anos atrás eles são amigos.,Mariela é velha.,opt_a,1,
3,1680132632614,29/03/2023 23:30:32,1680107432614,-7,29/03/2023 09:30:32,128242,3,task-6yod,,28531697,BLIND,8480196,,complete,,,computer,Desktop or Laptop,Windows 10,Chrome 111.0.0.0,1920x1080,1920x937,,Interpretation,3,conds_collocation,2,main,Screen 1,cnypgd,1,response,B,13899.574000000002,13882.921,13899.574000000002,13899.574000000002,13882.921,13899.574000000002,1,0,13899.574000000002,0,0,,Click Response,Response,3,object-6,main,Seus vizinhos são pobres homens.,Os vizinhos são infelizes.,Os vizinhos não têm dinheiro.,opt_a,1,
4,1680132644841,29/03/2023 23:30:44,1680107444841,-7,29/03/2023 09:30:44,128242,3,task-6yod,,28531697,BLIND,8480196,,complete,,,computer,Desktop or Laptop,Windows 10,Chrome 111.0.0.0,1920x1080,1920x937,,Interpretation,3,conds_collocation,3,main,Screen 1,cnypgd,1,response,A,12243.72500001192,12233.389,12243.72500001192,12243.72500001192,12233.389,12243.72500001192,1,0,12243.72500001192,0,0,,Click Response,Response,2,object-5,main,"Naquela casa, mora um homem sozinho.",Apenas um homem mora em casa.,O homem se sente sozinho.,opt_b,1,
5,1680132668907,29/03/2023 23:31:08,1680107468907,-7,29/03/2023 09:31:08,128242,3,task-6yod,,28531697,BLIND,8480196,,complete,,,computer,Desktop or Laptop,Windows 10,Chrome 111.0.0.0,1920x1080,1920x937,,Interpretation,3,conds_collocation,4,main,Screen 1,cnypgd,1,response,B,24077.23599998808,24066.523999999998,24077.23599998808,24077.23599998808,24066.523999999998,24077.23599998808,1,0,24077.23599998808,0,0,,Click Response,Response,3,object-6,main,O artigo contém informações certas.,Contém algumas informações.,Ele contém informações que são para verar.,opt_b,1,
6,1680132679758,29/03/2023 23:31:19,1680107479758,-7,29/03/2023 09:31:19,128242,3,task-6yod,,28531697,BLIND,8480196,,complete,,,computer,Desktop or Laptop,Windows 10,Chrome 111.0.0.0,1920x1080,1920x937,,Interpretation,3,conds_collocation,5,main,Screen 1,cnypgd,1,response,A,10861.211999988082,10850.025999999998,10861.211999988082,10861.211999988082,10850.025999999998,10861.211999988082,1,0,10861.211999988082,0,0,,Click Response,Response,2,object-5,main,Seus pais falam uma rara língua.,Eles falam um idioma que muito poucas pessoas falam.,Eles falam uma linguagem estranha.,opt_a,1,
7,1680132696646,29/03/2023 23:31:36,1680107496646,-7,29/03/2023 09:31:36,128242,3,task-6yod,,28531697,BLIND,8480196,,complete,,,computer,Desktop or Laptop,Windows 10,Chrome 111.0.0.0,1920x1080,1920x937,,Interpretation,3,conds_collocation,6,main,Screen 1,cnypgd,1,response,B,16898.685999988083,16883.323000000004,16898.685999988083,16898.685999988083,16883.323000000004,16898.685999988083,1,0,16898.685999988083,0,0,,Click Response,Response,3,object-6,main,Minha avó tem duas lâmpadas antigas na sala.,Ele tem duas lâmpadas velhas na sala.,Possui dois Lumpears na sala de estar que as relíquias.,opt_a,1,
8,1680132706055,29/03/2023 23:31:46,1680107506055,-7,29/03/2023 09:31:46,128242,3,task-6yod,,28531697,BLIND,8480196,,complete,,,computer,Desktop or Laptop,Windows 10,Chrome 111.0.0.0,1920x1080,1920x937,,Interpretation,3,conds_collocation,7,main,Screen 1,cnypgd,1,response,B,9424.663,9416.660000000003,9424.663,9424.663,9416.660000000003,9424.663,1,0,9424.663,0,0,,Click Response,Response,3,object-6,main,As grandes obras são impressionantes.,Os trabalhos não são pequenos.,Os trabalhos são ótimos.,opt_b,1,
9,1680132713785,29/03/2023 23:31:53,1680107513785,-7,29/03/2023 09:31:53,128242,3,task-6yod,,28531697,BLIND,8480196,,complete,,,computer,Desktop or Laptop,Windows 10,Chrome 111.0.0.0,1920x1080,1920x937,,Interpretation,3,conds_collocation,8,main,Screen 1,cnypgd,1,response,A,7737.202999988076,7733.312999999995,7737.202999988076,7737.202999988076,7733.312999999995,7737.202999988076,1,0,7737.202999988076,0,0,,Click Response,Response,2,object-5,main,Marta é a pessoa única de quem falei.,"Não contei a você sobre mais ninguém, além de Marta.","Não há ninguém (tão especial) quanto Marta, que eu te disse.",opt_b,1,
10,1680132727734,29/03/2023 23:32:07,1680107527734,-7,29/03/2023 09:32:07,128242,3,task-6yod,,28531697,BLIND,8480196,,complete,,,computer,Desktop or Laptop,Windows 10,Chrome 111.0.0.0,1920x1080,1920x937,,Interpretation,3,conds_collocation,9,main,Screen 1,cnypgd,1,response,B,13956.990000011923,13950.718999999997,13956.990000011923,13956.990000011923,13950.718999999997,13956.990000011923,1,0,13956.990000011923,0,0,,Click Response,Response,3,object-6,main,Santiago comprou um novo computador.,O computador era 100% novo.,Comprei outro computador.,opt_b,1,
11,1680132734950,29/03/2023 23:32:14,1680107534950,-7,29/03/2023 09:32:14,128242,3,task-6yod,,28531697,BLIND,8480196,,complete,,,computer,Desktop or Laptop,Windows 10,Chrome 111.0.0.0,1920x1080,1920x937,,Interpretation,3,conds_collocation,10,main,Screen 1,cnypgd,1,response,B,7222.471000000005,7216.005000000019,7222.471000000005,7222.471000000005,7216.005000000019,7222.471000000005,1,0,7222.471000000005,0,0,,Click Response,Response,3,object-6,main,O próprio presidente conversou com a classe.,Muitos anos atrás eles são amigos.,O presidente que já havia falado com a classe.,opt_a,1,
12,1680132734964,29/03/2023 23:32:14,1680107534964,-7,29/03/2023 09:32:14,128242,3,task-6yod,,28531697,BLIND,8480196,,complete,,,computer,Desktop or Laptop,Windows 10,Chrome 111.0.0.0,1920x1080,1920x937,,Interpretation,3,conds_collocation,,,,,,,END,,,,,,,0,,,,,,,,,,,,,,,,
1,1680122780147,29/03/2023 20:46:20,1680108380147,-4,29/03/2023 12:46:20,128242,3,task-6yod,,28532133,BLIND,8480315,,complete,,,computer,Desktop or Laptop,Windows 10,Chrome 111.0.0.0,1536x864,1536x722,,Interpretation,3,conds_collocation,,,,,,,BEGIN,,,,,,,0,,,,,,,,,,,,,,,,
2,1680122801332,29/03/2023 20:46:41,1680108401332,-4,29/03/2023 12:46:41,128242,3,task-6yod,,28532133,BLIND,8480315,,complete,,,computer,Desktop or Laptop,Windows 10,Chrome 111.0.0.0,1536x864,1536x722,,Interpretation,3,conds_collocation,1,main,Screen 1,cnypgd,1,response,B,21215.708,21207.033,21215.708,21215.708,21207.033,21215.708,1,0,21215.708,0,0,,Click Response,Response,3,object-6,main,Minha avó tem duas lâmpadas antigas na sala.,Ele tem duas lâmpadas velhas na sala.,Possui dois Lumpears na sala de estar que as relíquias.,opt_a,1,
3,1680122806011,29/03/2023 20:46:46,1680108406011,-4,29/03/2023 12:46:46,128242,3,task-6yod,,28532133,BLIND,8480315,,complete,,,computer,Desktop or Laptop,Windows 10,Chrome 111.0.0.0,1536x864,1536x722,,Interpretation,3,conds_collocation,2,main,Screen 1,cnypgd,1,response,B,4648.044999999998,4631.3139999999985,4648.044999999998,4648.044999999998,4631.3139999999985,4648.044999999998,1,0,4648.044999999998,0,0,,Click Response,Response,3,object-6,main,Mariela é uma velha amiga de Florence.,Muitos anos atrás eles são amigos.,Mariela é velha.,opt_a,1,
4,1680122813214,29/03/2023 20:46:53,1680108413214,-4,29/03/2023 12:46:53,128242,3,task-6yod,,28532133,BLIND,8480315,,complete,,,computer,Desktop or Laptop,Windows 10,Chrome 111.0.0.0,1536x864,1536x722,,Interpretation,3,conds_collocation,3,main,Screen 1,cnypgd,1,response,B,7258.861000000001,7246.672000000002,7258.861000000001,7258.861000000001,7246.672000000002,7258.861000000001,1,0,7258.861000000001,0,0,,Click Response,Response,3,object-6,main,O próprio presidente conversou com a classe.,Muitos anos atrás eles são amigos.,O presidente que já havia falado com a classe.,opt_a,1,
5,1680122824414,29/03/2023 20:47:04,1680108424414,-4,29/03/2023 12:47:04,128242,3,task-6yod,,28532133,BLIND,8480315,,complete,,,computer,Desktop or Laptop,Windows 10,Chrome 111.0.0.0,1536x864,1536x722,,Interpretation,3,conds_collocation,4,main,Screen 1,cnypgd,1,response,A,11213.388999995528,11211.593,11213.388999995528,11213.388999995528,11211.593,11213.388999995528,1,0,11213.388999995528,0,0,,Click Response,Response,2,object-5,main,Marta é a pessoa única de quem falei.,"Não contei a você sobre mais ninguém, além de Marta.","Não há ninguém (tão especial) quanto Marta, que eu te disse.",opt_b,1,
6,1680122828719,29/03/2023 20:47:08,1680108428719,-4,29/03/2023 12:47:08,128242,3,task-6yod,,28532133,BLIND,8480315,,complete,,,computer,Desktop or Laptop,Windows 10,Chrome 111.0.0.0,1536x864,1536x722,,Interpretation,3,conds_collocation,5,main,Screen 1,cnypgd,1,response,A,4306.695999994037,4298.042999999998,4306.695999994037,4306.695999994037,4298.042999999998,4306.695999994037,1,0,4306.695999994037,0,0,,Click Response,Response,2,object-5,main,Seus pais falam uma rara língua.,Eles falam um idioma que muito poucas pessoas falam.,Eles falam uma linguagem estranha.,opt_a,1,
7,1680122835817,29/03/2023 20:47:15,1680108435817,-4,29/03/2023 12:47:15,128242,3,task-6yod,,28532133,BLIND,8480315,,complete,,,computer,Desktop or Laptop,Windows 10,Chrome 111.0.0.0,1536x864,1536x722,,Interpretation,3,conds_collocation,6,main,Screen 1,cnypgd,1,response,B,7106.45299999851,7096.786999999997,7106.45299999851,7106.45299999851,7096.786999999997,7106.45299999851,1,0,7106.45299999851,0,0,,Click Response,Response,3,object-6,main,Seus vizinhos são pobres homens.,Os vizinhos são infelizes.,Os vizinhos não têm dinheiro.,opt_a,1,
8,1680122843981,29/03/2023 20:47:23,1680108443981,-4,29/03/2023 12:47:23,128242,3,task-6yod,,28532133,BLIND,8480315,,complete,,,computer,Desktop or Laptop,Windows 10,Chrome 111.0.0.0,1536x864,1536x722,,Interpretation,3,conds_collocation,7,main,Screen 1,cnypgd,1,response,B,8173.865999994043,8162.970000000001,8173.865999994043,8173.865999994043,8162.970000000001,8173.865999994043,1,0,8173.865999994043,0,0,,Click Response,Response,3,object-6,main,As grandes obras são impressionantes.,Os trabalhos não são pequenos.,Os trabalhos são ótimos.,opt_b,1,
9,1680122856785,29/03/2023 20:47:36,1680108456785,-4,29/03/2023 12:47:36,128242,3,task-6yod,,28532133,BLIND,8480315,,complete,,,computer,Desktop or Laptop,Windows 10,Chrome 111.0.0.0,1536x864,1536x722,,Interpretation,3,conds_collocation,8,main,Screen 1,cnypgd,1,response,B,12815.595999997022,12810.866999999998,12815.595999997022,12815.595999997022,12810.866999999998,12815.595999997022,1,0,12815.595999997022,0,0,,Click Response,Response,3,object-6,main,O artigo contém informações certas.,Contém algumas informações.,Ele contém informações que são para verar.,opt_b,1,
10,1680122861945,29/03/2023 20:47:41,1680108461945,-4,29/03/2023 12:47:41,128242,3,task-6yod,,28532133,BLIND,8480315,,complete,,,computer,Desktop or Laptop,Windows 10,Chrome 111.0.0.0,1536x864,1536x722,,Interpretation,3,conds_collocation,9,main,Screen 1,cnypgd,1,response,A,5164.334000000003,5147.668000000005,5164.334000000003,5164.334000000003,5147.668000000005,5164.334000000003,1,0,5164.334000000003,0,0,,Click Response,Response,2,object-5,main,Santiago comprou um novo computador.,O computador era 100% novo.,Comprei outro computador.,opt_b,1,
11,1680122866116,29/03/2023 20:47:46,1680108466116,-4,29/03/2023 12:47:46,128242,3,task-6yod,,28532133,BLIND,8480315,,complete,,,computer,Desktop or Laptop,Windows 10,Chrome 111.0.0.0,1536x864,1536x722,,Interpretation,3,conds_collocation,10,main,Screen 1,cnypgd,1,response,A,4187.6609999985085,4181.425999999992,4187.6609999985085,4187.6609999985085,4181.425999999992,4187.6609999985085,1,0,4187.6609999985085,0,0,,Click Response,Response,2,object-5,main,"Naquela casa, mora um homem sozinho.",Apenas um homem mora em casa.,O homem se sente sozinho.,opt_b,1,
12,1680122866120,29/03/2023 20:47:46,1680108466120,-4,29/03/2023 12:47:46,128242,3,task-6yod,,28532133,BLIND,8480315,,complete,,,computer,Desktop or Laptop,Windows 10,Chrome 111.0.0.0,1536x864,1536x722,,Interpretation,3,conds_collocation,,,,,,,END,,,,,,,0,,,,,,,,,,,,,,,,
1,1680123694629,29/03/2023 21:01:34,1680109294629,-4,29/03/2023 13:01:34,128242,3,task-6yod,,28532395,BLIND,8480435,,complete,,,computer,Desktop or Laptop,Mac OS 10.15.7,Safari 16.3.1,1280x800,1280x644,,Interpretation,3,conds_collocation,,,,,,,BEGIN,,,,,,,0,,,,,,,,,,,,,,,,
2,1680123717191,29/03/2023 21:01:57,1680109317191,-4,29/03/2023 13:01:57,128242,3,task-6yod,,28532395,BLIND,8480435,,complete,,,computer,Desktop or Laptop,Mac OS 10.15.7,Safari 16.3.1,1280x800,1280x644,,Interpretation,3,conds_collocation,1,main,Screen 1,cnypgd,1,response,A,25083.000000000004,25081,25083.000000000004,25083.000000000004,25081,25083.000000000004,1,0,25083.000000000004,0,0,,Click Response,Response,2,object-5,main,Marta é a pessoa única de quem falei.,"Não contei a você sobre mais ninguém, além de Marta.","Não há ninguém (tão especial) quanto Marta, que eu te disse.",opt_b,1,
3,1680123724390,29/03/2023 21:02:04,1680109324390,-4,29/03/2023 13:02:04,128242,3,task-6yod,,28532395,BLIND,8480435,,complete,,,computer,Desktop or Laptop,Mac OS 10.15.7,Safari 16.3.1,1280x800,1280x644,,Interpretation,3,conds_collocation,2,main,Screen 1,cnypgd,1,response,B,7201.000000000004,7198,7201.000000000004,7201.000000000004,7198,7201.000000000004,1,0,7201.000000000004,0,0,,Click Response,Response,3,object-6,main,Seus vizinhos são pobres homens.,Os vizinhos são infelizes.,Os vizinhos não têm dinheiro.,opt_a,1,
4,1680123736675,29/03/2023 21:02:16,1680109336675,-4,29/03/2023 13:02:16,128242,3,task-6yod,,28532395,BLIND,8480435,,complete,,,computer,Desktop or Laptop,Mac OS 10.15.7,Safari 16.3.1,1280x800,1280x644,,Interpretation,3,conds_collocation,3,main,Screen 1,cnypgd,1,response,B,12287,12279,12287,12287,12279,12287,1,0,12287,0,0,,Click Response,Response,3,object-6,main,O próprio presidente conversou com a classe.,Muitos anos atrás eles são amigos.,O presidente que já havia falado com a classe.,opt_a,1,
5,1680123763783,29/03/2023 21:02:43,1680109363783,-4,29/03/2023 13:02:43,128242,3,task-6yod,,28532395,BLIND,8480435,,complete,,,computer,Desktop or Laptop,Mac OS 10.15.7,Safari 16.3.1,1280x800,1280x644,,Interpretation,3,conds_collocation,4,main,Screen 1,cnypgd,1,response,B,27115,27112,27115,27115,27112,27115,1,0,27115,0,0,,Click Response,Response,3,object-6,main,O artigo contém informações certas.,Contém algumas informações.,Ele contém informações que são para verar.,opt_b,1,
6,1680123782401,29/03/2023 21:03:02,1680109382401,-4,29/03/2023 13:03:02,128242,3,task-6yod,,28532395,BLIND,8480435,,complete,,,computer,Desktop or Laptop,Mac OS 10.15.7,Safari 16.3.1,1280x800,1280x644,,Interpretation,3,conds_collocation,5,main,Screen 1,cnypgd,1,response,A,18621,18607,18621,18621,18607,18621,1,0,18621,0,0,,Click Response,Response,2,object-5,main,"Naquela casa, mora um homem sozinho.",Apenas um homem mora em casa.,O homem se sente sozinho.,opt_b,1,
7,1680123818623,29/03/2023 21:03:38,1680109418623,-4,29/03/2023 13:03:38,128242,3,task-6yod,,28532395,BLIND,8480435,,complete,,,computer,Desktop or Laptop,Mac OS 10.15.7,Safari 16.3.1,1280x800,1280x644,,Interpretation,3,conds_collocation,6,main,Screen 1,cnypgd,1,response,A,36234,36221,36234,36234,36221,36234,1,0,36234,0,0,,Click Response,Response,2,object-5,main,Minha avó tem duas lâmpadas antigas na sala.,Ele tem duas lâmpadas velhas na sala.,Possui dois Lumpears na sala de estar que as relíquias.,opt_a,1,
8,1680123824645,29/03/2023 21:03:44,1680109424645,-4,29/03/2023 13:03:44,128242,3,task-6yod,,28532395,BLIND,8480435,,complete,,,computer,Desktop or Laptop,Mac OS 10.15.7,Safari 16.3.1,1280x800,1280x644,,Interpretation,3,conds_collocation,7,main,Screen 1,cnypgd,1,response,A,6035.000000000029,6029,6035.000000000029,6035.000000000029,6029,6035.000000000029,1,0,6035.000000000029,0,0,,Click Response,Response,2,object-5,main,Seus pais falam uma rara língua.,Eles falam um idioma que muito poucas pessoas falam.,Eles falam uma linguagem estranha.,opt_a,1,
9,1680123829019,29/03/2023 21:03:49,1680109429019,-4,29/03/2023 13:03:49,128242,3,task-6yod,,28532395,BLIND,8480435,,complete,,,computer,Desktop or Laptop,Mac OS 10.15.7,Safari 16.3.1,1280x800,1280x644,,Interpretation,3,conds_collocation,8,main,Screen 1,cnypgd,1,response,B,4380,4380,4380,4380,4380,4380,1,0,4380,0,0,,Click Response,Response,3,object-6,main,Santiago comprou um novo computador.,O computador era 100% novo.,Comprei outro computador.,opt_b,1,
10,1680123834391,29/03/2023 21:03:54,1680109434391,-4,29/03/2023 13:03:54,128242,3,task-6yod,,28532395,BLIND,8480435,,complete,,,computer,Desktop or Laptop,Mac OS 10.15.7,Safari 16.3.1,1280x800,1280x644,,Interpretation,3,conds_collocation,9,main,Screen 1,cnypgd,1,response,A,5372,5369,5372,5372,5369,5372,1,0,5372,0,0,,Click Response,Response,2,object-5,main,As grandes obras são impressionantes.,Os trabalhos não são pequenos.,Os trabalhos são ótimos.,opt_b,1,
11,1680123841868,29/03/2023 21:04:01,1680109441868,-4,29/03/2023 13:04:01,128242,3,task-6yod,,28532395,BLIND,8480435,,complete,,,computer,Desktop or Laptop,Mac OS 10.15.7,Safari 16.3.1,1280x800,1280x644,,Interpretation,3,conds_collocation,10,main,Screen 1,cnypgd,1,response,A,7480,7474,7480,7480,7474,7480,1,0,7480,0,0,,Click Response,Response,2,object-5,main,Mariela é uma velha amiga de Florence.,Muitos anos atrás eles são amigos.,Mariela é velha.,opt_a,1,
12,1680123841872,29/03/2023 21:04:01,1680109441872,-4,29/03/2023 13:04:01,128242,3,task-6yod,,28532395,BLIND,8480435,,complete,,,computer,Desktop or Laptop,Mac OS 10.15.7,Safari 16.3.1,1280x800,1280x644,,Interpretation,3,conds_collocation,,,,,,,END,,,,,,,0,,,,,,,,,,,,,,,,
1,1680131918437,29/03/2023 23:18:38,1680117518437,-4,29/03/2023 15:18:38,128242,3,task-6yod,,28534758,BLIND,8481408,,complete,,,computer,Desktop or Laptop,Chromium OS 14541.0.0,Chrome 109.0.0.0,1517x853,2276x1101,,Interpretation,3,conds_collocation,,,,,,,BEGIN,,,,,,,0,,,,,,,,,,,,,,,,
2,1680131927494,29/03/2023 23:18:47,1680117527494,-4,29/03/2023 15:18:47,128242,3,task-6yod,,28534758,BLIND,8481408,,complete,,,computer,Desktop or Laptop,Chromium OS 14541.0.0,Chrome 109.0.0.0,1517x853,2276x1101,,Interpretation,3,conds_collocation,1,main,Screen 1,cnypgd,1,response,A,9086.418,9084.017,9086.418,9086.418,9084.017,9086.418,1,0,9086.418,0,0,,Click Response,Response,2,object-5,main,Marta é a pessoa única de quem falei.,"Não contei a você sobre mais ninguém, além de Marta.","Não há ninguém (tão especial) quanto Marta, que eu te disse.",opt_b,1,
3,1680131933222,29/03/2023 23:18:53,1680117533222,-4,29/03/2023 15:18:53,128242,3,task-6yod,,28534758,BLIND,8481408,,complete,,,computer,Desktop or Laptop,Chromium OS 14541.0.0,Chrome 109.0.0.0,1517x853,2276x1101,,Interpretation,3,conds_collocation,2,main,Screen 1,cnypgd,1,response,B,5729.800999976158,5717.058999999999,5729.800999976158,5729.800999976158,5717.058999999999,5729.800999976158,1,0,5729.800999976158,0,0,,Click Response,Response,3,object-6,main,"Naquela casa, mora um homem sozinho.",Apenas um homem mora em casa.,O homem se sente sozinho.,opt_b,1,
4,1680131938950,29/03/2023 23:18:58,1680117538950,-4,29/03/2023 15:18:58,128242,3,task-6yod,,28534758,BLIND,8481408,,complete,,,computer,Desktop or Laptop,Chromium OS 14541.0.0,Chrome 109.0.0.0,1517x853,2276x1101,,Interpretation,3,conds_collocation,3,main,Screen 1,cnypgd,1,response,A,5741.942000023842,5733.659,5741.942000023842,5741.942000023842,5733.659,5741.942000023842,1,0,5741.942000023842,0,0,,Click Response,Response,2,object-5,main,Minha avó tem duas lâmpadas antigas na sala.,Ele tem duas lâmpadas velhas na sala.,Possui dois Lumpears na sala de estar que as relíquias.,opt_a,1,
5,1680131949997,29/03/2023 23:19:09,1680117549997,-4,29/03/2023 15:19:09,128242,3,task-6yod,,28534758,BLIND,8481408,,complete,,,computer,Desktop or Laptop,Chromium OS 14541.0.0,Chrome 109.0.0.0,1517x853,2276x1101,,Interpretation,3,conds_collocation,4,main,Screen 1,cnypgd,1,response,A,11055.283000023843,11050.829999999998,11055.283000023843,11055.283000023843,11050.829999999998,11055.283000023843,1,0,11055.283000023843,0,0,,Click Response,Response,2,object-5,main,Santiago comprou um novo computador.,O computador era 100% novo.,Comprei outro computador.,opt_b,1,
6,1680131952036,29/03/2023 23:19:12,1680117552036,-4,29/03/2023 15:19:12,128242,3,task-6yod,,28534758,BLIND,8481408,,complete,,,computer,Desktop or Laptop,Chromium OS 14541.0.0,Chrome 109.0.0.0,1517x853,2276x1101,,Interpretation,3,conds_collocation,5,main,Screen 1,cnypgd,1,response,B,2042.9530000238447,2033.4770000000062,2042.9530000238447,2042.9530000238447,2033.4770000000062,2042.9530000238447,1,0,2042.9530000238447,0,0,,Click Response,Response,3,object-6,main,Seus pais falam uma rara língua.,Eles falam um idioma que muito poucas pessoas falam.,Eles falam uma linguagem estranha.,opt_a,1,
7,1680131964086,29/03/2023 23:19:24,1680117564086,-4,29/03/2023 15:19:24,128242,3,task-6yod,,28534758,BLIND,8481408,,complete,,,computer,Desktop or Laptop,Chromium OS 14541.0.0,Chrome 109.0.0.0,1517x853,2276x1101,,Interpretation,3,conds_collocation,6,main,Screen 1,cnypgd,1,response,B,12059.176000011917,12050.682999999997,12059.176000011917,12059.176000011917,12050.682999999997,12059.176000011917,1,0,12059.176000011917,0,0,,Click Response,Response,3,object-6,main,O próprio presidente conversou com a classe.,Muitos anos atrás eles são amigos.,O presidente que já havia falado com a classe.,opt_a,1,
8,1680131966829,29/03/2023 23:19:26,1680117566829,-4,29/03/2023 15:19:26,128242,3,task-6yod,,28534758,BLIND,8481408,,complete,,,computer,Desktop or Laptop,Chromium OS 14541.0.0,Chrome 109.0.0.0,1517x853,2276x1101,,Interpretation,3,conds_collocation,7,main,Screen 1,cnypgd,1,response,B,2751.9930000119202,2750.3280000000013,2751.9930000119202,2751.9930000119202,2750.3280000000013,2751.9930000119202,1,0,2751.9930000119202,0,0,,Click Response,Response,3,object-6,main,As grandes obras são impressionantes.,Os trabalhos não são pequenos.,Os trabalhos são ótimos.,opt_b,1,
9,1680131967733,29/03/2023 23:19:27,1680117567733,-4,29/03/2023 15:19:27,128242,3,task-6yod,,28534758,BLIND,8481408,,complete,,,computer,Desktop or Laptop,Chromium OS 14541.0.0,Chrome 109.0.0.0,1517x853,2276x1101,,Interpretation,3,conds_collocation,8,main,Screen 1,cnypgd,1,response,A,905.364999999998,900.064999999995,905.364999999998,905.364999999998,900.064999999995,905.364999999998,1,0,905.364999999998,0,0,,Click Response,Response,2,object-5,main,O artigo contém informações certas.,Contém algumas informações.,Ele contém informações que são para verar.,opt_b,1,
10,1680131968341,29/03/2023 23:19:28,1680117568341,-4,29/03/2023 15:19:28,128242,3,task-6yod,,28534758,BLIND,8481408,,complete,,,computer,Desktop or Laptop,Chromium OS 14541.0.0,Chrome 109.0.0.0,1517x853,2276x1101,,Interpretation,3,conds_collocation,9,main,Screen 1,cnypgd,1,response,B,613.8000000000029,600.0330000000031,613.8000000000029,613.8000000000029,600.0330000000031,613.8000000000029,1,0,613.8000000000029,0,0,,Click Response,Response,3,object-6,main,Mariela é uma velha amiga de Florence.,Muitos anos atrás eles são amigos.,Mariela é velha.,opt_a,1,
11,1680131968942,29/03/2023 23:19:28,1680117568942,-4,29/03/2023 15:19:28,128242,3,task-6yod,,28534758,BLIND,8481408,,complete,,,computer,Desktop or Laptop,Chromium OS 14541.0.0,Chrome 109.0.0.0,1517x853,2276x1101,,Interpretation,3,conds_collocation,10,main,Screen 1,cnypgd,1,response,B,613.9669999880789,600.0570000000007,613.9669999880789,613.9669999880789,600.0570000000007,613.9669999880789,1,0,613.9669999880789,0,0,,Click Response,Response,3,object-6,main,Seus vizinhos são pobres homens.,Os vizinhos são infelizes.,Os vizinhos não têm dinheiro.,opt_a,1,
12,1680131968943,29/03/2023 23:19:28,1680117568943,-4,29/03/2023 15:19:28,128242,3,task-6yod,,28534758,BLIND,8481408,,complete,,,computer,Desktop or Laptop,Chromium OS 14541.0.0,Chrome 109.0.0.0,1517x853,2276x1101,,Interpretation,3,conds_collocation,,,,,,,END,,,,,,,0,,,,,,,,,,,,,,,,
1,1680144098487,30/03/2023 02:41:38,1680118898487,-7,29/03/2023 12:41:38,128242,3,task-6yod,,28535112,BLIND,8481611,,complete,,,computer,Desktop or Laptop,Windows 10,Chrome 111.0.0.0,1366x768,1366x649,,Interpretation,3,conds_collocation,,,,,,,BEGIN,,,,,,,0,,,,,,,,,,,,,,,,
2,1680144152560,30/03/2023 02:42:32,1680118952560,-7,29/03/2023 12:42:32,128242,3,task-6yod,,28535112,BLIND,8481611,,complete,,,computer,Desktop or Laptop,Windows 10,Chrome 111.0.0.0,1366x768,1366x649,,Interpretation,3,conds_collocation,1,main,Screen 1,cnypgd,1,response,A,63062.59999990463,63047.645,63062.59999990463,63062.59999990463,63047.645,63062.59999990463,1,0,63062.59999990463,0,0,,Click Response,Response,2,object-5,main,O artigo contém informações certas.,Contém algumas informações.,Ele contém informações que são para verar.,opt_b,1,
3,1680144159314,30/03/2023 02:42:39,1680118959314,-7,29/03/2023 12:42:39,128242,3,task-6yod,,28535112,BLIND,8481611,,complete,,,computer,Desktop or Laptop,Windows 10,Chrome 111.0.0.0,1366x768,1366x649,,Interpretation,3,conds_collocation,2,main,Screen 1,cnypgd,1,response,A,6769.245999999992,6752.595999999998,6769.245999999992,6769.245999999992,6752.595999999998,6769.245999999992,1,0,6769.245999999992,0,0,,Click Response,Response,2,object-5,main,Seus pais falam uma rara língua.,Eles falam um idioma que muito poucas pessoas falam.,Eles falam uma linguagem estranha.,opt_a,1,
4,1680144167087,30/03/2023 02:42:47,1680118967087,-7,29/03/2023 12:42:47,128242,3,task-6yod,,28535112,BLIND,8481611,,complete,,,computer,Desktop or Laptop,Windows 10,Chrome 111.0.0.0,1366x768,1366x649,,Interpretation,3,conds_collocation,3,main,Screen 1,cnypgd,1,response,A,7789.858999904638,7775.787000000011,7789.858999904638,7789.858999904638,7775.787000000011,7789.858999904638,1,0,7789.858999904638,0,0,,Click Response,Response,2,object-5,main,Mariela é uma velha amiga de Florence.,Muitos anos atrás eles são amigos.,Mariela é velha.,opt_a,1,
5,1680144170372,30/03/2023 02:42:50,1680118970372,-7,29/03/2023 12:42:50,128242,3,task-6yod,,28535112,BLIND,8481611,,complete,,,computer,Desktop or Laptop,Windows 10,Chrome 111.0.0.0,1366x768,1366x649,,Interpretation,3,conds_collocation,4,main,Screen 1,cnypgd,1,response,B,3296.7319999999745,3280.079999999987,3296.7319999999745,3296.7319999999745,3280.079999999987,3296.7319999999745,1,0,3296.7319999999745,0,0,,Click Response,Response,3,object-6,main,Seus vizinhos são pobres homens.,Os vizinhos são infelizes.,Os vizinhos não têm dinheiro.,opt_a,1,
6,1680144188642,30/03/2023 02:43:08,1680118988642,-7,29/03/2023 12:43:08,128242,3,task-6yod,,28535112,BLIND,8481611,,complete,,,computer,Desktop or Laptop,Windows 10,Chrome 111.0.0.0,1366x768,1366x649,,Interpretation,3,conds_collocation,5,main,Screen 1,cnypgd,1,response,A,18289.09200004769,18276.322,18289.09200004769,18289.09200004769,18276.322,18289.09200004769,1,0,18289.09200004769,0,0,,Click Response,Response,2,object-5,main,Minha avó tem duas lâmpadas antigas na sala.,Ele tem duas lâmpadas velhas na sala.,Possui dois Lumpears na sala de estar que as relíquias.,opt_a,1,
7,1680144194457,30/03/2023 02:43:14,1680118994457,-7,29/03/2023 12:43:14,128242,3,task-6yod,,28535112,BLIND,8481611,,complete,,,computer,Desktop or Laptop,Windows 10,Chrome 111.0.0.0,1366x768,1366x649,,Interpretation,3,conds_collocation,6,main,Screen 1,cnypgd,1,response,B,5827.570000000007,5816.600000000006,5827.570000000007,5827.570000000007,5816.600000000006,5827.570000000007,1,0,5827.570000000007,0,0,,Click Response,Response,3,object-6,main,O próprio presidente conversou com a classe.,Muitos anos atrás eles são amigos.,O presidente que já havia falado com a classe.,opt_a,1,
8,1680144197718,30/03/2023 02:43:17,1680118997718,-7,29/03/2023 12:43:17,128242,3,task-6yod,,28535112,BLIND,8481611,,complete,,,computer,Desktop or Laptop,Windows 10,Chrome 111.0.0.0,1366x768,1366x649,,Interpretation,3,conds_collocation,7,main,Screen 1,cnypgd,1,response,A,3271.8700000953686,3255.642000000007,3271.8700000953686,3271.8700000953686,3255.642000000007,3271.8700000953686,1,0,3271.8700000953686,0,0,,Click Response,Response,2,object-5,main,"Naquela casa, mora um homem sozinho.",Apenas um homem mora em casa.,O homem se sente sozinho.,opt_b,1,
9,1680144201081,30/03/2023 02:43:21,1680119001081,-7,29/03/2023 12:43:21,128242,3,task-6yod,,28535112,BLIND,8481611,,complete,,,computer,Desktop or Laptop,Windows 10,Chrome 111.0.0.0,1366x768,1366x649,,Interpretation,3,conds_collocation,8,main,Screen 1,cnypgd,1,response,A,3379.6279999523103,3371.2439999999915,3379.6279999523103,3379.6279999523103,3371.2439999999915,3379.6279999523103,1,0,3379.6279999523103,0,0,,Click Response,Response,2,object-5,main,Santiago comprou um novo computador.,O computador era 100% novo.,Comprei outro computador.,opt_b,1,
10,1680144203837,30/03/2023 02:43:23,1680119003837,-7,29/03/2023 12:43:23,128242,3,task-6yod,,28535112,BLIND,8481611,,complete,,,computer,Desktop or Laptop,Windows 10,Chrome 111.0.0.0,1366x768,1366x649,,Interpretation,3,conds_collocation,9,main,Screen 1,cnypgd,1,response,B,2764.683999904635,2759.671000000002,2764.683999904635,2764.683999904635,2759.671000000002,2764.683999904635,1,0,2764.683999904635,0,0,,Click Response,Response,3,object-6,main,As grandes obras são impressionantes.,Os trabalhos não são pequenos.,Os trabalhos são ótimos.,opt_b,1,
11,1680144212645,30/03/2023 02:43:32,1680119012645,-7,29/03/2023 12:43:32,128242,3,task-6yod,,28535112,BLIND,8481611,,complete,,,computer,Desktop or Laptop,Windows 10,Chrome 111.0.0.0,1366x768,1366x649,,Interpretation,3,conds_collocation,10,main,Screen 1,cnypgd,1,response,A,8812.712999952317,8798.054000000004,8812.712999952317,8812.712999952317,8798.054000000004,8812.712999952317,1,0,8812.712999952317,0,0,,Click Response,Response,2,object-5,main,Marta é a pessoa única de quem falei.,"Não contei a você sobre mais ninguém, além de Marta.","Não há ninguém (tão especial) quanto Marta, que eu te disse.",opt_b,1,
12,1680144212662,30/03/2023 02:43:32,1680119012662,-7,29/03/2023 12:43:32,128242,3,task-6yod,,28535112,BLIND,8481611,,complete,,,computer,Desktop or Laptop,Windows 10,Chrome 111.0.0.0,1366x768,1366x649,,Interpretation,3,conds_collocation,,,,,,,END,,,,,,,0,,,,,,,,,,,,,,,,
1,1680117748212,29/03/2023 19:22:28,1680121348212,1,29/03/2023 21:22:28,128242,3,task-6yod,,28535931,BLIND,8481996,,complete,,,computer,Desktop or Laptop,Windows 10,Firefox 111.0,1536x864,1536x739,,Interpretation,3,conds_collocation,,,,,,,BEGIN,,,,,,,0,,,,,,,,,,,,,,,,
2,1680117752172,29/03/2023 19:22:32,1680121352172,1,29/03/2023 21:22:32,128242,3,task-6yod,,28535931,BLIND,8481996,,complete,,,computer,Desktop or Laptop,Windows 10,Firefox 111.0,1536x864,1536x739,,Interpretation,3,conds_collocation,1,main,Screen 1,cnypgd,1,response,B,3965.1,3949.4999999999995,3965.1,3965.1,3949.4999999999995,3965.1,1,0,3965.1,0,0,,Click Response,Response,3,object-6,main,O próprio presidente conversou com a classe.,Muitos anos atrás eles são amigos.,O presidente que já havia falado com a classe.,opt_a,1,
3,1680117754331,29/03/2023 19:22:34,1680121354331,1,29/03/2023 21:22:34,128242,3,task-6yod,,28535931,BLIND,8481996,,complete,,,computer,Desktop or Laptop,Windows 10,Firefox 111.0,1536x864,1536x739,,Interpretation,3,conds_collocation,2,main,Screen 1,cnypgd,1,response,A,2173.6000000000004,2166.38,2173.6000000000004,2173.6000000000004,2166.38,2173.6000000000004,1,0,2173.6000000000004,0,0,,Click Response,Response,2,object-5,main,Seus vizinhos são pobres homens.,Os vizinhos são infelizes.,Os vizinhos não têm dinheiro.,opt_a,1,
4,1680117757652,29/03/2023 19:22:37,1680121357652,1,29/03/2023 21:22:37,128242,3,task-6yod,,28535931,BLIND,8481996,,complete,,,computer,Desktop or Laptop,Windows 10,Firefox 111.0,1536x864,1536x739,,Interpretation,3,conds_collocation,3,main,Screen 1,cnypgd,1,response,A,3328.2200000000003,3316.2200000000003,3328.2200000000003,3328.2200000000003,3316.2200000000003,3328.2200000000003,1,0,3328.2200000000003,0,0,,Click Response,Response,2,object-5,main,Minha avó tem duas lâmpadas antigas na sala.,Ele tem duas lâmpadas velhas na sala.,Possui dois Lumpears na sala de estar que as relíquias.,opt_a,1,
5,1680117771043,29/03/2023 19:22:51,1680121371043,1,29/03/2023 21:22:51,128242,3,task-6yod,,28535931,BLIND,8481996,,complete,,,computer,Desktop or Laptop,Windows 10,Firefox 111.0,1536x864,1536x739,,Interpretation,3,conds_collocation,4,main,Screen 1,cnypgd,1,response,A,13403,13398.259999999998,13403,13403,13398.259999999998,13403,1,0,13403,0,0,,Click Response,Response,2,object-5,main,O artigo contém informações certas.,Contém algumas informações.,Ele contém informações que são para verar.,opt_b,1,
6,1680117773252,29/03/2023 19:22:53,1680121373252,1,29/03/2023 21:22:53,128242,3,task-6yod,,28535931,BLIND,8481996,,complete,,,computer,Desktop or Laptop,Windows 10,Firefox 111.0,1536x864,1536x739,,Interpretation,3,conds_collocation,5,main,Screen 1,cnypgd,1,response,A,2214.7400000000016,2199.7000000000007,2214.7400000000016,2214.7400000000016,2199.7000000000007,2214.7400000000016,1,0,2214.7400000000016,0,0,,Click Response,Response,2,object-5,main,Mariela é uma velha amiga de Florence.,Muitos anos atrás eles são amigos.,Mariela é velha.,opt_a,1,
7,1680117775956,29/03/2023 19:22:55,1680121375956,1,29/03/2023 21:22:55,128242,3,task-6yod,,28535931,BLIND,8481996,,complete,,,computer,Desktop or Laptop,Windows 10,Firefox 111.0,1536x864,1536x739,,Interpretation,3,conds_collocation,6,main,Screen 1,cnypgd,1,response,A,2718.040000000001,2716.3199999999997,2718.040000000001,2718.040000000001,2716.3199999999997,2718.040000000001,1,0,2718.040000000001,0,0,,Click Response,Response,2,object-5,main,Seus pais falam uma rara língua.,Eles falam um idioma que muito poucas pessoas falam.,Eles falam uma linguagem estranha.,opt_a,1,
8,1680117780155,29/03/2023 19:23:00,1680121380155,1,29/03/2023 21:23:00,128242,3,task-6yod,,28535931,BLIND,8481996,,complete,,,computer,Desktop or Laptop,Windows 10,Firefox 111.0,1536x864,1536x739,,Interpretation,3,conds_collocation,7,main,Screen 1,cnypgd,1,response,B,4200.720000000001,4199.440000000002,4200.720000000001,4200.720000000001,4199.440000000002,4200.720000000001,1,0,4200.720000000001,0,0,,Click Response,Response,3,object-6,main,As grandes obras são impressionantes.,Os trabalhos não são pequenos.,Os trabalhos são ótimos.,opt_b,1,
9,1680117782291,29/03/2023 19:23:02,1680121382291,1,29/03/2023 21:23:02,128242,3,task-6yod,,28535931,BLIND,8481996,,complete,,,computer,Desktop or Laptop,Windows 10,Firefox 111.0,1536x864,1536x739,,Interpretation,3,conds_collocation,8,main,Screen 1,cnypgd,1,response,A,2138.279999999999,2133.0599999999977,2138.279999999999,2138.279999999999,2133.0599999999977,2138.279999999999,1,0,2138.279999999999,0,0,,Click Response,Response,2,object-5,main,Santiago comprou um novo computador.,O computador era 100% novo.,Comprei outro computador.,opt_b,1,
10,1680117787827,29/03/2023 19:23:07,1680121387827,1,29/03/2023 21:23:07,128242,3,task-6yod,,28535931,BLIND,8481996,,complete,,,computer,Desktop or Laptop,Windows 10,Firefox 111.0,1536x864,1536x739,,Interpretation,3,conds_collocation,9,main,Screen 1,cnypgd,1,response,A,5541.220000000001,5532.620000000003,5541.220000000001,5541.220000000001,5532.620000000003,5541.220000000001,1,0,5541.220000000001,0,0,,Click Response,Response,2,object-5,main,"Naquela casa, mora um homem sozinho.",Apenas um homem mora em casa.,O homem se sente sozinho.,opt_b,1,
11,1680117792932,29/03/2023 19:23:12,1680121392932,1,29/03/2023 21:23:12,128242,3,task-6yod,,28535931,BLIND,8481996,,complete,,,computer,Desktop or Laptop,Windows 10,Firefox 111.0,1536x864,1536x739,,Interpretation,3,conds_collocation,10,main,Screen 1,cnypgd,1,response,A,5113.5999999999985,5099.32,5113.5999999999985,5113.5999999999985,5099.32,5113.5999999999985,1,0,5113.5999999999985,0,0,,Click Response,Response,2,object-5,main,Marta é a pessoa única de quem falei.,"Não contei a você sobre mais ninguém, além de Marta.","Não há ninguém (tão especial) quanto Marta, que eu te disse.",opt_b,1,
12,1680117792937,29/03/2023 19:23:12,1680121392937,1,29/03/2023 21:23:12,128242,3,task-6yod,,28535931,BLIND,8481996,,complete,,,computer,Desktop or Laptop,Windows 10,Firefox 111.0,1536x864,1536x739,,Interpretation,3,conds_collocation,,,,,,,END,,,,,,,0,,,,,,,,,,,,,,,,
END OF FILE
